image_id,planted,x,y
0,1,90,14
1,0,-1,-1
2,0,-1,-1
3,0,-1,-1
4,0,-1,-1
5,0,-1,-1
6,0,-1,-1
7,1,160,43
8,0,-1,-1
9,0,-1,-1
10,1,223,16
11,0,-1,-1
12,0,-1,-1
13,0,-1,-1
14,0,-1,-1
15,0,-1,-1
16,0,-1,-1
17,0,-1,-1
18,1,26,36
19,1,158,139
20,0,-1,-1
21,1,220,86
22,0,-1,-1
23,0,-1,-1
24,1,11,141
25,0,-1,-1
26,0,-1,-1
27,0,-1,-1
28,0,-1,-1
29,1,207,52
30,1,180,50
31,1,193,209
32,1,175,80
33,0,-1,-1
34,0,-1,-1
35,1,194,50
36,0,-1,-1
37,0,-1,-1
38,0,-1,-1
39,1,41,57
40,1,138,199
41,0,-1,-1
42,0,-1,-1
43,1,73,210
44,0,-1,-1
45,0,-1,-1
46,0,-1,-1
47,0,-1,-1
48,0,-1,-1
49,0,-1,-1
50,0,-1,-1
51,0,-1,-1
52,0,-1,-1
53,0,-1,-1
54,0,-1,-1
55,0,-1,-1
56,1,51,2
57,1,215,85
58,1,63,191
59,0,-1,-1
60,0,-1,-1
61,0,-1,-1
62,1,41,0
63,0,-1,-1
64,0,-1,-1
65,0,-1,-1
66,0,-1,-1
67,1,24,129
68,0,-1,-1
69,1,87,112
70,0,-1,-1
71,0,-1,-1
72,0,-1,-1
73,1,69,16
74,0,-1,-1
75,1,38,8
76,0,-1,-1
77,0,-1,-1
78,1,16,171
79,0,-1,-1
80,0,-1,-1
81,1,76,173
82,1,166,220
83,1,163,193
84,1,152,124
85,0,-1,-1
86,1,167,63
87,0,-1,-1
88,0,-1,-1
89,1,102,56
90,0,-1,-1
91,0,-1,-1
92,0,-1,-1
93,0,-1,-1
94,1,171,215
95,0,-1,-1
96,0,-1,-1
97,0,-1,-1
98,0,-1,-1
99,1,160,83
100,0,-1,-1
101,0,-1,-1
102,0,-1,-1
103,0,-1,-1
104,1,36,43
105,0,-1,-1
106,0,-1,-1
107,0,-1,-1
108,1,95,46
109,0,-1,-1
110,0,-1,-1
111,1,210,224
112,1,219,126
113,0,-1,-1
114,1,207,202
115,1,195,202
116,1,175,4
117,0,-1,-1
118,1,208,192
119,0,-1,-1
120,0,-1,-1
121,0,-1,-1
122,0,-1,-1
123,1,149,120
124,1,157,204
125,0,-1,-1
126,0,-1,-1
127,0,-1,-1
128,1,91,52
129,1,213,11
130,0,-1,-1
131,1,123,145
132,0,-1,-1
133,1,182,192
134,1,127,169
135,1,111,137
136,1,200,47
137,0,-1,-1
138,1,180,60
139,0,-1,-1
140,0,-1,-1
141,0,-1,-1
142,0,-1,-1
143,0,-1,-1
144,1,126,125
145,0,-1,-1
146,1,25,125
147,0,-1,-1
148,1,40,157
149,0,-1,-1
150,1,79,74
151,1,136,168
152,0,-1,-1
153,1,50,55
154,0,-1,-1
155,0,-1,-1
156,0,-1,-1
157,0,-1,-1
158,0,-1,-1
159,0,-1,-1
160,1,158,131
161,0,-1,-1
162,0,-1,-1
163,0,-1,-1
164,0,-1,-1
165,0,-1,-1
166,1,205,14
167,0,-1,-1
168,0,-1,-1
169,0,-1,-1
170,1,146,0
171,0,-1,-1
172,0,-1,-1
173,0,-1,-1
174,0,-1,-1
175,1,62,35
176,1,112,112
177,0,-1,-1
178,0,-1,-1
179,0,-1,-1
180,0,-1,-1
181,0,-1,-1
182,0,-1,-1
183,0,-1,-1
184,0,-1,-1
185,0,-1,-1
186,0,-1,-1
187,0,-1,-1
188,0,-1,-1
189,0,-1,-1
190,0,-1,-1
191,1,89,69
192,0,-1,-1
193,1,209,125
194,1,223,115
195,0,-1,-1
196,1,22,48
197,0,-1,-1
198,0,-1,-1
199,0,-1,-1
200,0,-1,-1
201,0,-1,-1
202,0,-1,-1
203,0,-1,-1
204,0,-1,-1
205,1,48,133
206,1,149,129
207,0,-1,-1
208,0,-1,-1
209,1,31,125
210,0,-1,-1
211,0,-1,-1
212,0,-1,-1
213,0,-1,-1
214,0,-1,-1
215,1,21,180
216,1,155,65
217,0,-1,-1
218,0,-1,-1
219,1,73,65
220,1,158,7
221,0,-1,-1
222,0,-1,-1
223,0,-1,-1
224,0,-1,-1
225,0,-1,-1
226,0,-1,-1
227,0,-1,-1
228,1,173,24
229,1,93,164
230,1,36,127
231,0,-1,-1
232,0,-1,-1
233,0,-1,-1
234,1,164,12
235,1,153,122
236,0,-1,-1
237,1,95,79
238,0,-1,-1
239,0,-1,-1
240,0,-1,-1
241,1,187,167
242,0,-1,-1
243,0,-1,-1
244,0,-1,-1
245,0,-1,-1
246,0,-1,-1
247,0,-1,-1
248,0,-1,-1
249,0,-1,-1
250,0,-1,-1
251,0,-1,-1
252,1,177,197
253,0,-1,-1
254,0,-1,-1
255,1,145,69
256,0,-1,-1
257,0,-1,-1
258,0,-1,-1
259,0,-1,-1
260,0,-1,-1
261,1,29,217
262,0,-1,-1
263,1,211,189
264,1,132,213
265,1,159,26
266,0,-1,-1
267,1,30,95
268,0,-1,-1
269,1,43,15
270,1,135,62
271,1,197,28
272,1,77,132
273,0,-1,-1
274,0,-1,-1
275,0,-1,-1
276,0,-1,-1
277,1,18,134
278,1,122,94
279,0,-1,-1
280,0,-1,-1
281,0,-1,-1
282,0,-1,-1
283,0,-1,-1
284,1,152,99
285,1,190,88
286,0,-1,-1
287,0,-1,-1
288,0,-1,-1
289,0,-1,-1
290,0,-1,-1
291,0,-1,-1
292,0,-1,-1
293,0,-1,-1
294,1,51,1
295,0,-1,-1
296,0,-1,-1
297,0,-1,-1
298,0,-1,-1
299,0,-1,-1
300,0,-1,-1
301,0,-1,-1
302,1,219,39
303,0,-1,-1
304,0,-1,-1
305,1,36,159
306,0,-1,-1
307,1,176,171
308,0,-1,-1
309,0,-1,-1
310,0,-1,-1
311,0,-1,-1
312,1,147,155
313,0,-1,-1
314,1,163,45
315,0,-1,-1
316,0,-1,-1
317,0,-1,-1
318,0,-1,-1
319,0,-1,-1
320,0,-1,-1
321,1,40,33
322,0,-1,-1
323,1,40,60
324,0,-1,-1
325,0,-1,-1
326,1,200,15
327,0,-1,-1
328,1,112,55
329,0,-1,-1
330,0,-1,-1
331,0,-1,-1
332,1,216,171
333,0,-1,-1
334,0,-1,-1
335,0,-1,-1
336,0,-1,-1
337,0,-1,-1
338,0,-1,-1
339,0,-1,-1
340,0,-1,-1
341,1,37,166
342,0,-1,-1
343,0,-1,-1
344,0,-1,-1
345,1,221,55
346,1,84,140
347,0,-1,-1
348,1,191,74
349,0,-1,-1
350,0,-1,-1
351,0,-1,-1
352,0,-1,-1
353,1,124,89
354,0,-1,-1
355,0,-1,-1
356,0,-1,-1
357,0,-1,-1
358,0,-1,-1
359,0,-1,-1
360,1,197,218
361,0,-1,-1
362,0,-1,-1
363,0,-1,-1
364,0,-1,-1
365,1,112,153
366,0,-1,-1
367,0,-1,-1
368,0,-1,-1
369,1,141,80
370,0,-1,-1
371,0,-1,-1
372,1,177,90
373,0,-1,-1
374,0,-1,-1
375,0,-1,-1
376,0,-1,-1
377,0,-1,-1
378,1,78,70
379,0,-1,-1
380,0,-1,-1
381,0,-1,-1
382,0,-1,-1
383,1,104,54
384,0,-1,-1
385,0,-1,-1
386,1,119,190
387,0,-1,-1
388,0,-1,-1
389,1,44,141
390,0,-1,-1
391,1,41,140
392,0,-1,-1
393,0,-1,-1
394,0,-1,-1
395,0,-1,-1
396,0,-1,-1
397,0,-1,-1
398,0,-1,-1
399,0,-1,-1
400,1,193,187
401,0,-1,-1
402,0,-1,-1
403,0,-1,-1
404,1,181,207
405,1,223,41
406,0,-1,-1
407,1,126,170
408,0,-1,-1
409,0,-1,-1
410,0,-1,-1
411,0,-1,-1
412,0,-1,-1
413,0,-1,-1
414,1,160,108
415,1,0,173
416,0,-1,-1
417,0,-1,-1
418,0,-1,-1
419,0,-1,-1
420,0,-1,-1
421,0,-1,-1
422,0,-1,-1
423,1,175,127
424,0,-1,-1
425,1,35,47
426,0,-1,-1
427,0,-1,-1
428,0,-1,-1
429,0,-1,-1
430,0,-1,-1
431,0,-1,-1
432,1,134,38
433,0,-1,-1
434,1,46,134
435,0,-1,-1
436,0,-1,-1
437,1,51,201
438,1,55,181
439,0,-1,-1
440,0,-1,-1
441,0,-1,-1
442,0,-1,-1
443,0,-1,-1
444,1,49,71
445,1,63,82
446,1,205,173
447,1,17,69
448,0,-1,-1
449,0,-1,-1
450,0,-1,-1
451,0,-1,-1
452,0,-1,-1
453,0,-1,-1
454,1,193,200
455,1,26,217
456,0,-1,-1
457,1,135,36
458,0,-1,-1
459,0,-1,-1
460,0,-1,-1
461,1,3,24
462,0,-1,-1
463,0,-1,-1
464,0,-1,-1
465,1,9,103
466,0,-1,-1
467,0,-1,-1
468,0,-1,-1
469,0,-1,-1
470,1,69,120
471,0,-1,-1
472,1,89,148
473,1,195,40
474,1,81,75
475,0,-1,-1
476,0,-1,-1
477,0,-1,-1
478,1,208,199
479,0,-1,-1
480,0,-1,-1
481,1,8,106
482,0,-1,-1
483,1,120,33
484,0,-1,-1
485,0,-1,-1
486,0,-1,-1
487,0,-1,-1
488,1,54,9
489,0,-1,-1
490,0,-1,-1
491,0,-1,-1
492,0,-1,-1
493,1,178,39
494,1,83,67
495,0,-1,-1
496,1,19,8
497,0,-1,-1
498,0,-1,-1
499,0,-1,-1
500,1,196,9
501,0,-1,-1
502,0,-1,-1
503,0,-1,-1
504,0,-1,-1
505,0,-1,-1
506,0,-1,-1
507,0,-1,-1
508,0,-1,-1
509,0,-1,-1
510,0,-1,-1
511,0,-1,-1
512,0,-1,-1
513,0,-1,-1
514,0,-1,-1
515,0,-1,-1
516,0,-1,-1
517,1,183,79
518,0,-1,-1
519,0,-1,-1
520,1,100,4
521,0,-1,-1
522,1,9,11
523,1,56,94
524,0,-1,-1
525,0,-1,-1
526,0,-1,-1
527,0,-1,-1
528,0,-1,-1
529,0,-1,-1
530,0,-1,-1
531,1,125,20
532,0,-1,-1
533,1,64,110
534,1,1,117
535,1,222,181
536,0,-1,-1
537,1,76,20
538,0,-1,-1
539,0,-1,-1
540,0,-1,-1
541,0,-1,-1
542,0,-1,-1
543,1,138,139
544,0,-1,-1
545,0,-1,-1
546,0,-1,-1
547,0,-1,-1
548,0,-1,-1
549,0,-1,-1
550,0,-1,-1
551,1,73,122
552,0,-1,-1
553,0,-1,-1
554,0,-1,-1
555,1,30,149
556,0,-1,-1
557,0,-1,-1
558,0,-1,-1
559,0,-1,-1
560,1,127,28
561,1,66,207
562,0,-1,-1
563,0,-1,-1
564,1,208,29
565,1,152,221
566,0,-1,-1
567,1,202,203
568,1,197,165
569,0,-1,-1
570,0,-1,-1
571,0,-1,-1
572,0,-1,-1
573,0,-1,-1
574,1,220,218
575,1,216,14
576,0,-1,-1
577,1,70,168
578,1,47,84
579,0,-1,-1
580,0,-1,-1
581,0,-1,-1
582,0,-1,-1
583,1,96,38
584,1,154,111
585,0,-1,-1
586,0,-1,-1
587,0,-1,-1
588,0,-1,-1
589,0,-1,-1
590,0,-1,-1
591,0,-1,-1
592,1,69,144
593,1,206,165
594,0,-1,-1
595,1,99,63
596,0,-1,-1
597,1,69,106
598,0,-1,-1
599,0,-1,-1
600,0,-1,-1
601,1,164,2
602,1,170,191
603,1,127,134
604,1,108,51
605,1,189,153
606,1,105,30
607,0,-1,-1
608,0,-1,-1
609,0,-1,-1
610,1,193,149
611,0,-1,-1
612,1,63,61
613,1,75,44
614,0,-1,-1
615,0,-1,-1
616,1,196,92
617,0,-1,-1
618,0,-1,-1
619,1,207,59
620,1,176,24
621,0,-1,-1
622,0,-1,-1
623,1,199,184
624,0,-1,-1
625,1,202,205
626,0,-1,-1
627,1,99,77
628,1,100,196
629,1,218,218
630,1,130,171
631,1,147,34
632,1,39,183
633,0,-1,-1
634,0,-1,-1
635,0,-1,-1
636,0,-1,-1
637,1,7,29
638,0,-1,-1
639,0,-1,-1
640,0,-1,-1
641,0,-1,-1
642,1,131,212
643,1,55,83
644,0,-1,-1
645,0,-1,-1
646,1,69,76
647,0,-1,-1
648,0,-1,-1
649,1,63,183
650,1,7,95
651,0,-1,-1
652,1,124,93
653,1,109,177
654,0,-1,-1
655,0,-1,-1
656,1,19,57
657,0,-1,-1
658,1,41,210
659,0,-1,-1
660,0,-1,-1
661,0,-1,-1
662,0,-1,-1
663,0,-1,-1
664,0,-1,-1
665,0,-1,-1
666,0,-1,-1
667,0,-1,-1
668,0,-1,-1
669,1,71,28
670,0,-1,-1
671,0,-1,-1
672,0,-1,-1
673,1,44,187
674,1,41,5
675,0,-1,-1
676,0,-1,-1
677,0,-1,-1
678,1,218,65
679,1,187,89
680,1,157,25
681,0,-1,-1
682,0,-1,-1
683,0,-1,-1
684,0,-1,-1
685,0,-1,-1
686,0,-1,-1
687,0,-1,-1
688,1,23,50
689,0,-1,-1
690,0,-1,-1
691,0,-1,-1
692,1,7,200
693,0,-1,-1
694,0,-1,-1
695,0,-1,-1
696,0,-1,-1
697,0,-1,-1
698,1,203,113
699,0,-1,-1
700,0,-1,-1
701,1,155,154
702,0,-1,-1
703,0,-1,-1
704,0,-1,-1
705,0,-1,-1
706,0,-1,-1
707,0,-1,-1
708,0,-1,-1
709,0,-1,-1
710,0,-1,-1
711,0,-1,-1
712,0,-1,-1
713,1,41,75
714,1,126,152
715,0,-1,-1
716,0,-1,-1
717,0,-1,-1
718,0,-1,-1
719,0,-1,-1
720,0,-1,-1
721,1,138,99
722,1,181,222
723,0,-1,-1
724,0,-1,-1
725,1,96,5
726,0,-1,-1
727,0,-1,-1
728,0,-1,-1
729,0,-1,-1
730,0,-1,-1
731,0,-1,-1
732,0,-1,-1
733,1,24,115
734,1,93,123
735,1,97,126
736,0,-1,-1
737,0,-1,-1
738,0,-1,-1
739,1,43,45
740,0,-1,-1
741,0,-1,-1
742,0,-1,-1
743,0,-1,-1
744,0,-1,-1
745,1,48,103
746,0,-1,-1
747,0,-1,-1
748,1,193,12
749,0,-1,-1
750,0,-1,-1
751,1,151,55
752,1,216,91
753,0,-1,-1
754,0,-1,-1
755,0,-1,-1
756,0,-1,-1
757,0,-1,-1
758,1,179,97
759,0,-1,-1
760,0,-1,-1
761,0,-1,-1
762,0,-1,-1
763,0,-1,-1
764,0,-1,-1
765,0,-1,-1
766,0,-1,-1
767,0,-1,-1
768,0,-1,-1
769,1,54,53
770,1,19,128
771,0,-1,-1
772,0,-1,-1
773,0,-1,-1
774,0,-1,-1
775,0,-1,-1
776,0,-1,-1
777,0,-1,-1
778,1,76,162
779,0,-1,-1
780,0,-1,-1
781,0,-1,-1
782,1,11,163
783,0,-1,-1
784,0,-1,-1
785,0,-1,-1
786,0,-1,-1
787,1,31,100
788,0,-1,-1
789,0,-1,-1
790,0,-1,-1
791,1,217,93
792,1,107,106
793,1,50,154
794,0,-1,-1
795,0,-1,-1
796,0,-1,-1
797,0,-1,-1
798,0,-1,-1
799,0,-1,-1
800,0,-1,-1
801,0,-1,-1
802,0,-1,-1
803,1,134,189
804,1,118,21
805,1,97,89
806,1,12,212
807,1,67,114
808,1,215,221
809,0,-1,-1
810,0,-1,-1
811,1,108,38
812,0,-1,-1
813,0,-1,-1
814,0,-1,-1
815,0,-1,-1
816,0,-1,-1
817,0,-1,-1
818,1,216,218
819,0,-1,-1
820,0,-1,-1
821,0,-1,-1
822,0,-1,-1
823,1,64,3
824,1,144,188
825,0,-1,-1
826,0,-1,-1
827,0,-1,-1
828,1,112,117
829,1,85,178
830,1,120,134
831,1,217,48
832,0,-1,-1
833,0,-1,-1
834,0,-1,-1
835,1,26,53
836,1,204,112
837,0,-1,-1
838,0,-1,-1
839,0,-1,-1
840,0,-1,-1
841,1,22,160
842,0,-1,-1
843,0,-1,-1
844,0,-1,-1
845,0,-1,-1
846,0,-1,-1
847,0,-1,-1
848,0,-1,-1
849,0,-1,-1
850,0,-1,-1
851,0,-1,-1
852,0,-1,-1
853,1,24,213
854,0,-1,-1
855,1,60,166
856,1,80,133
857,0,-1,-1
858,1,95,194
859,0,-1,-1
860,1,35,35
861,0,-1,-1
862,0,-1,-1
863,1,11,101
864,0,-1,-1
865,0,-1,-1
866,0,-1,-1
867,1,28,4
868,0,-1,-1
869,0,-1,-1
870,0,-1,-1
871,0,-1,-1
872,0,-1,-1
873,0,-1,-1
874,0,-1,-1
875,1,83,136
876,1,181,218
877,0,-1,-1
878,0,-1,-1
879,0,-1,-1
880,1,208,4
881,0,-1,-1
882,0,-1,-1
883,0,-1,-1
884,0,-1,-1
885,0,-1,-1
886,0,-1,-1
887,0,-1,-1
888,0,-1,-1
889,0,-1,-1
890,0,-1,-1
891,1,99,138
892,0,-1,-1
893,0,-1,-1
894,1,88,119
895,1,202,158
896,0,-1,-1
897,0,-1,-1
898,0,-1,-1
899,0,-1,-1
900,1,215,153
901,1,166,208
902,0,-1,-1
903,0,-1,-1
904,0,-1,-1
905,0,-1,-1
906,0,-1,-1
907,0,-1,-1
908,1,147,76
909,1,156,14
910,0,-1,-1
911,0,-1,-1
912,0,-1,-1
913,0,-1,-1
914,0,-1,-1
915,0,-1,-1
916,0,-1,-1
917,1,74,177
918,0,-1,-1
919,0,-1,-1
920,1,103,198
921,0,-1,-1
922,0,-1,-1
923,0,-1,-1
924,1,195,32
925,0,-1,-1
926,0,-1,-1
927,1,7,119
928,1,220,69
929,0,-1,-1
930,0,-1,-1
931,0,-1,-1
932,0,-1,-1
933,1,35,159
934,0,-1,-1
935,0,-1,-1
936,1,220,188
937,1,193,98
938,0,-1,-1
939,0,-1,-1
940,0,-1,-1
941,0,-1,-1
942,0,-1,-1
943,1,115,79
944,1,191,138
945,0,-1,-1
946,0,-1,-1
947,0,-1,-1
948,0,-1,-1
949,1,130,121
950,0,-1,-1
951,0,-1,-1
952,0,-1,-1
953,0,-1,-1
954,0,-1,-1
955,0,-1,-1
956,0,-1,-1
957,0,-1,-1
958,0,-1,-1
959,1,206,147
960,0,-1,-1
961,0,-1,-1
962,1,0,73
963,0,-1,-1
964,0,-1,-1
965,1,40,53
966,1,64,55
967,0,-1,-1
968,0,-1,-1
969,0,-1,-1
970,0,-1,-1
971,0,-1,-1
972,0,-1,-1
973,0,-1,-1
974,0,-1,-1
975,1,56,41
976,1,16,126
977,0,-1,-1
978,1,23,170
979,0,-1,-1
980,0,-1,-1
981,0,-1,-1
982,0,-1,-1
983,0,-1,-1
984,0,-1,-1
985,0,-1,-1
986,0,-1,-1
987,1,141,162
988,1,143,224
989,1,127,66
990,0,-1,-1
991,0,-1,-1
992,0,-1,-1
993,0,-1,-1
994,0,-1,-1
995,0,-1,-1
996,1,4,198
997,1,178,189
998,1,25,206
999,0,-1,-1
