version,N,threads_or_procs,run,load_time,compute_time
seq,1000,1,1,0.053,5.226
seq,1000,1,2,0.053,5.169
seq,1000,1,3,0.054,5.241
seq,1000,1,4,0.053,5.265
seq,1000,1,5,0.053,5.192
seq,5000,1,1,0.19,25.332
seq,5000,1,2,0.188,25.185
seq,5000,1,3,0.19,25.663
seq,5000,1,4,0.191,25.334
seq,5000,1,5,0.186,25.785
omp,1000,1,1,0.04,5.252
omp,1000,1,2,0.039,5.179
omp,1000,1,3,0.04,5.275
omp,1000,1,4,0.039,5.14
omp,1000,1,5,0.04,5.258
omp,1000,2,1,0.037,3.676
omp,1000,2,2,0.038,3.646
omp,1000,2,3,0.037,3.629
omp,1000,2,4,0.037,3.678
omp,1000,2,5,0.037,3.682
omp,1000,4,1,0.044,1.759
omp,1000,4,2,0.045,1.734
omp,1000,4,3,0.045,1.726
omp,1000,4,4,0.045,1.727
omp,1000,4,5,0.045,1.755
omp,1000,8,1,0.038,1.023
omp,1000,8,2,0.039,1.02
omp,1000,8,3,0.038,1.032
omp,1000,8,4,0.038,1.017
omp,1000,8,5,0.038,1.017
omp,5000,1,1,0.193,25.923
omp,5000,1,2,0.193,25.592
omp,5000,1,3,0.194,25.811
omp,5000,1,4,0.188,25.34
omp,5000,1,5,0.19,25.407
omp,5000,2,1,0.234,12.91
omp,5000,2,2,0.228,13.17
omp,5000,2,3,0.229,13.084
omp,5000,2,4,0.23,13.185
omp,5000,2,5,0.228,12.931
omp,5000,4,1,0.213,8.884
omp,5000,4,2,0.218,8.891
omp,5000,4,3,0.213,8.841
omp,5000,4,4,0.215,9.0
omp,5000,4,5,0.211,8.759
omp,5000,8,1,0.199,4.778
omp,5000,8,2,0.197,4.877
omp,5000,8,3,0.197,4.772
omp,5000,8,4,0.198,4.907
omp,5000,8,5,0.201,4.903
mpi,1000,1,1,0.059,5.144
mpi,1000,1,2,0.058,5.249
mpi,1000,1,3,0.058,5.184
mpi,1000,1,4,0.058,5.16
mpi,1000,1,5,0.059,5.214
mpi,1000,2,1,0.042,3.701
mpi,1000,2,2,0.041,3.66
mpi,1000,2,3,0.043,3.705
mpi,1000,2,4,0.042,3.638
mpi,1000,2,5,0.041,3.672
mpi,1000,4,1,0.048,1.779
mpi,1000,4,2,0.048,1.78
mpi,1000,4,3,0.048,1.739
mpi,1000,4,4,0.049,1.74
mpi,1000,4,5,0.049,1.785
mpi,1000,8,1,0.04,1.046
mpi,1000,8,2,0.042,1.064
mpi,1000,8,3,0.041,1.039
mpi,1000,8,4,0.041,1.038
mpi,1000,8,5,0.04,1.06
mpi,5000,1,1,0.198,25.591
mpi,5000,1,2,0.201,25.429
mpi,5000,1,3,0.196,25.551
mpi,5000,1,4,0.2,25.64
mpi,5000,1,5,0.197,25.38
mpi,5000,2,1,0.236,13.274
mpi,5000,2,2,0.235,13.056
mpi,5000,2,3,0.232,12.931
mpi,5000,2,4,0.236,13.016
mpi,5000,2,5,0.232,12.974
mpi,5000,4,1,0.221,8.805
mpi,5000,4,2,0.224,8.847
mpi,5000,4,3,0.216,9.016
mpi,5000,4,4,0.221,8.85
mpi,5000,4,5,0.217,8.844
mpi,5000,8,1,0.206,4.954
mpi,5000,8,2,0.207,4.886
mpi,5000,8,3,0.202,4.935
mpi,5000,8,4,0.204,4.831
mpi,5000,8,5,0.205,4.879
